{"r2": 0.5652578116541835, "mae": 33.19792927631579, "feature_importance": {"_type": "image-file", "sha256": "d77e1386e1eaa98412d7ac7626a040196d87105036b1fa8c4d03f58ab38158cc", "size": 33852, "path": "media/images/feature_importance_0_d77e1386e1eaa98412d7.png", "format": "png", "width": 1000, "height": 1000}, "_timestamp": 1691817407.4156532, "_runtime": 270.49034214019775, "_step": 0, "_wandb": {"runtime": 269}}